{"cameraMode":{"drawMode":0,"name":"Shaded","section":"Shading Mode"},"sceneLighting":false,"audioPlay":false,"sceneViewState":{"m_AlwaysRefresh":false,"showFog":true,"showSkybox":false,"showFlares":true,"showImageEffects":false,"showParticleSystems":true,"showVisualEffectGraphs":true,"m_FxEnabled":false},"in2DMode":false,"pivot":{"x":2.400895118713379,"y":5.6485161781311039,"z":80.11198425292969},"rotation":{"x":-0.16602970659732819,"y":-0.009764601476490498,"z":0.0016438671154901386,"w":-0.9860727787017822},"size":5.661598205566406,"orthographic":false}